{
  "schemaVersion": 1,
  "id": "sulfurcycle",
  "version": "1.0.0",
  "name": "Sulfur Cycle Mod",
  "description": "Representaci\u00f3n visual del ciclo del azufre (volcanes, lluvia \u00e1cida, mineral de azufre). Autor: benjuak",
  "authors": [
    "benjuak"
  ],
  "license": "MIT",
  "environment": "*",
  "entrypoints": {
    "main": [
      "com.benjuak.sulfurcycle.SulfurCycleMod"
    ],
    "client": [
      "com.benjuak.sulfurcycle.client.ClientInit"
    ]
  },
  "depends": {
    "fabricloader": ">=0.14.0",
    "fabric": "*"
  }
}